Player,Team,BYE,POS,Age,Key,FO ID,Risk,Fpts
Marshawn Lynch,SEA,9,RB,29,Marshawn Lynch|SEA|RB,LynchMar07,Green,233
Eddie Lacy,GB,7,RB,25,Eddie Lacy|GB|RB,LacyEdd13,Green,229
Le'Veon Bell,PIT,11,RB,23,Le'Veon Bell|PIT|RB,BellLev13,Yellow,218
Jamaal Charles,KC,9,RB,29,Jamaal Charles|KC|RB,CharlesJam08,Green,217
Dez Bryant,DAL,6,WR,27,Dez Bryant|DAL|WR,BryantDez10,Green,216
C.J. Anderson,DEN,7,RB,24,C.J. Anderson|DEN|RB,AndersonC.J13,Yellow,211
Antonio Brown,PIT,11,WR,27,Antonio Brown|PIT|WR,BrownAnt10,Green,211
Adrian Peterson,MIN,5,RB,30,Adrian Peterson|MIN|RB,PetersonAdr07,Red,205
Matt Forte,CHI,7,RB,30,Matt Forte|CHI|RB,ForteMat08,Green,204
Jeremy Hill,CIN,7,RB,23,Jeremy Hill|CIN|RB,HillJer14,Green,203
Aaron Rodgers,GB,7,QB,32,Aaron Rodgers|GB|QB,RodgersAar05,Green,375
Demaryius Thomas,DEN,7,WR,28,Demaryius Thomas|DEN|WR,ThomasDem10,Yellow,204
Andrew Luck,IND,10,QB,26,Andrew Luck|IND|QB,LuckAnd12,Green,373
DeMarco Murray,PHI,8,RB,27,DeMarco Murray|PHI|RB,MurrayDeM11,Red,198
Calvin Johnson,DET,9,WR,30,Calvin Johnson|DET|WR,JohnsonCal07,Red,198
Rob Gronkowski,NE,4,TE,26,Rob Gronkowski|NE|TE,GronkowskiRob10,Yellow,165
Julio Jones,ATL,10,WR,26,Julio Jones|ATL|WR,JonesJul11,Green,192
Odell Beckham,NYG,11,WR,23,Odell Beckham|NYG|WR,BeckhamOde14,Green,191
LeSean McCoy,BUF,8,RB,27,LeSean McCoy|BUF|RB,McCoyLeS09,Green,185
Jordy Nelson,GB,7,WR,30,Jordy Nelson|GB|WR,NelsonJor08,Green,183
Alshon Jeffery,CHI,7,WR,25,Alshon Jeffery|CHI|WR,JefferyAls12,Green,183
Justin Forsett,BAL,9,RB,30,Justin Forsett|BAL|RB,ForsettJus08,Yellow,179
Lamar Miller,MIA,5,RB,24,Lamar Miller|MIA|RB,MillerLam12,Green,179
Randall Cobb,GB,7,WR,25,Randall Cobb|GB|WR,CobbRan11,Green,175
A.J. Green,CIN,7,WR,27,A.J. Green|CIN|WR,GreenA.J11,Green,171
DeAndre Hopkins,HOU,9,WR,23,DeAndre Hopkins|HOU|WR,HopkinsDea13,Green,167
T.Y. Hilton,IND,10,WR,26,T.Y. Hilton|IND|WR,HiltonT.Y12,Green,166
Melvin Gordon,SD,10,RB,22,Melvin Gordon|SD|RB,GordonMel15,Green,162
Emmanuel Sanders,DEN,7,WR,28,Emmanuel Sanders|DEN|WR,SandersEmm10,Green,164
Alfred Morris,WAS,8,RB,27,Alfred Morris|WAS|RB,MorrisAlf12,Yellow,161
Jimmy Graham,SEA,9,TE,29,Jimmy Graham|SEA|TE,GrahamJim10,Yellow,133
Mike Evans,TB,6,WR,22,Mike Evans|TB|WR,EvansMik14,Red,161
Greg Olsen,CAR,5,TE,30,Greg Olsen|CAR|TE,OlsenGre07,Green,126
Drew Brees,NO,11,QB,36,Drew Brees|NO|QB,BreesDre01,Yellow,324
Russell Wilson,SEA,9,QB,27,Russell Wilson|SEA|QB,WilsonRus12,Green,323
Mark Ingram,NO,11,RB,26,Mark Ingram|NO|RB,IngramMar11,Green,150
Kelvin Benjamin,CAR,5,WR,24,Kelvin Benjamin|CAR|WR,BenjaminKel14,Yellow,152
Frank Gore,IND,10,RB,32,Frank Gore|IND|RB,GoreFra05,Red,147
Peyton Manning,DEN,7,QB,39,Peyton Manning|DEN|QB,ManningPey98,Yellow,312
Joseph Randle,DAL,6,RB,24,Joseph Randle|DAL|RB,RandleJos13,Red,139
Travis Kelce,KC,9,TE,26,Travis Kelce|KC|TE,KelceTra13,Green,113
Brandin Cooks,NO,11,WR,22,Brandin Cooks|NO|WR,CooksBra14,Green,140
DeSean Jackson,WAS,8,WR,29,DeSean Jackson|WAS|WR,JacksonDeS08,Green,140
Cam Newton,CAR,5,QB,26,Cam Newton|CAR|QB,NewtonCam11,Yellow,309
Jordan Matthews,PHI,8,WR,23,Jordan Matthews|PHI|WR,MatthewsJor14,Yellow,139
Jonathan Stewart,CAR,5,RB,28,Jonathan Stewart|CAR|RB,StewartJon08,Yellow,136
Carlos Hyde,SF,10,RB,24,Carlos Hyde|SF|RB,HydeCar14,Green,136
Rashad Jennings,NYG,11,RB,30,Rashad Jennings|NYG|RB,JenningsRas09,Yellow,136
Sammy Watkins,BUF,8,WR,22,Sammy Watkins|BUF|WR,WatkinsSam14,Yellow,138
Golden Tate,DET,9,WR,27,Golden Tate|DET|WR,TateGol10,Green,137
Todd Gurley,STL,6,RB,21,Todd Gurley|STL|RB,GurleyTod15,Red,134
Matt Ryan,ATL,10,QB,30,Matt Ryan|ATL|QB,RyanMat08,Green,306
Tony Romo,DAL,6,QB,35,Tony Romo|DAL|QB,RomoTon03,Green,306
Devonta Freeman,ATL,10,RB,23,Devonta Freeman|ATL|RB,FreemanDev14,Yellow,133
LeGarrette Blount,NE,4,RB,29,LeGarrette Blount|NE|RB,BlountLeG10,Yellow,133
Ben Roethlisberger,PIT,11,QB,33,Ben Roethlisberger|PIT|QB,RoethlisbergerBen04,Yellow,305
Andre Ellington,ARI,9,RB,26,Andre Ellington|ARI|RB,EllingtonAnd13,Yellow,132
Matthew Stafford,DET,9,QB,27,Matthew Stafford|DET|QB,StaffordMat09,Green,303
Julian Edelman,NE,4,WR,29,Julian Edelman|NE|WR,EdelmanJul09,Green,132
Martellus Bennett,CHI,7,TE,28,Martellus Bennett|CHI|TE,BennettMar08,Green,103
Jason Witten,DAL,6,TE,33,Jason Witten|DAL|TE,WittenJas03,Yellow,102
Amari Cooper,OAK,6,WR,21,Amari Cooper|OAK|WR,CooperAma15,Red,130
Pierre Garcon,WAS,8,WR,29,Pierre Garcon|WAS|WR,GarconPie08,Yellow,130
Jordan Cameron,MIA,5,TE,27,Jordan Cameron|MIA|TE,CameronJor11,Red,100
Anquan Boldin,SF,10,WR,35,Anquan Boldin|SF|WR,BoldinAnq03,Yellow,128
Julius Thomas,JAC,8,TE,27,Julius Thomas|JAC|TE,ThomasJul11,Red,99
Mike Wallace,MIN,5,WR,29,Mike Wallace|MIN|WR,WallaceMik09,Yellow,127
Roddy White,ATL,10,WR,34,Roddy White|ATL|WR,WhiteRod05,Yellow,126
Stephen Gostkowski,NE,4,K,31,Stephen Gostkowski|NE|K,GostkowskiSte06,Green,150
T.J. Yeldon,JAC,8,RB,22,T.J. Yeldon|JAC|RB,YeldonT.J15,Yellow,131
Latavius Murray,OAK,6,RB,24,Latavius Murray|OAK|RB,MurrayLat13,Yellow,131
Vincent Jackson,TB,6,WR,32,Vincent Jackson|TB|WR,JacksonVin05,Yellow,125
Jeremy Maclin,KC,9,WR,27,Jeremy Maclin|KC|WR,MaclinJer09,Green,125
Bishop Sankey,TEN,4,RB,23,Bishop Sankey|TEN|RB,SankeyBis14,Green,129
Jared Cook,STL,6,TE,28,Jared Cook|STL|TE,CookJar09,Green,95
Delanie Walker,TEN,4,TE,31,Delanie Walker|TEN|TE,WalkerDel06,Yellow,94
Keenan Allen,SD,10,WR,23,Keenan Allen|SD|WR,AllenKee13,Green,122
Jarvis Landry,MIA,5,WR,23,Jarvis Landry|MIA|WR,LandryJar14,Green,122
Andre Johnson,IND,10,WR,34,Andre Johnson|IND|WR,JohnsonAnd03,Green,122
Eric Decker,NYJ,5,WR,28,Eric Decker|NYJ|WR,DeckerEri10,Green,122
Joique Bell,DET,9,RB,29,Joique Bell|DET|RB,BellJoi10,Yellow,122
Brandon Marshall,NYJ,5,WR,31,Brandon Marshall|NYJ|WR,MarshallBra06,Red,121
Coby Fleener,IND,10,TE,27,Coby Fleener|IND|TE,FleenerCob12,Green,92
Tevin Coleman,ATL,10,RB,22,Tevin Coleman|ATL|RB,ColemanTev15,Yellow,120
Kendall Wright,TEN,4,WR,26,Kendall Wright|TEN|WR,WrightKen12,Green,119
Ryan Tannehill,MIA,5,QB,27,Ryan Tannehill|MIA|QB,TannehillRya12,Yellow,288
Colin Kaepernick,SF,10,QB,28,Colin Kaepernick|SF|QB,KaepernickCol11,Green,288
John Brown,ARI,9,WR,25,John Brown|ARI|WR,BrownJoh14,Red,118
Michael Floyd,ARI,9,WR,26,Michael Floyd|ARI|WR,FloydMic12,Red,118
Isaiah Crowell,CLE,11,RB,22,Isaiah Crowell|CLE|RB,CrowellIsa14,Green,115
Chris Ivory,NYJ,5,RB,27,Chris Ivory|NYJ|RB,IvoryChr10,Yellow,115
Zach Ertz,PHI,8,TE,25,Zach Ertz|PHI|TE,ErtzZac13,Yellow,89
Blair Walsh,MIN,5,K,25,Blair Walsh|MIN|K,WalshBla12,Green,142
Steve Smith,BAL,9,WR,36,Steve Smith|BAL|WR,SmithSte01,Yellow,117
C.J. Spiller,NO,11,RB,28,C.J. Spiller|NO|RB,SpillerC.J10,Red,113
Seahawks D,SEA,9,D,--,Seahawks D|SEA|D,Seahawks D,Yellow,109
Adam Vinatieri,IND,10,K,43,Adam Vinatieri|IND|K,VinatieriAda96,Green,141
Brandon LaFell,NE,4,WR,29,Brandon LaFell|NE|WR,LaFellBra10,Yellow,116
Ameer Abdullah,DET,9,RB,22,Ameer Abdullah|DET|RB,AbdullahAme15,Yellow,112
Owen Daniels,DEN,7,TE,33,Owen Daniels|DEN|TE,DanielsOwe06,Green,87
Philip Rivers,SD,10,QB,34,Philip Rivers|SD|QB,RiversPhi04,Yellow,285
Eli Manning,NYG,11,QB,34,Eli Manning|NYG|QB,ManningEli04,Yellow,285
Marques Colston,NO,11,WR,32,Marques Colston|NO|WR,ColstonMar06,Green,115
Bills D,BUF,8,D,--,Bills D|BUF|D,Bills D,Yellow,107
Matt Bryant,ATL,10,K,40,Matt Bryant|ATL|K,BryantMat02,Green,139
Eric Ebron,DET,9,TE,22,Eric Ebron|DET|TE,EbronEri14,Yellow,85
Austin Seferian-Jenkins,TB,6,TE,23,Austin Seferian-Jenkins|TB|TE,Seferian-JenkinsAus14,Yellow,85
Mason Crosby,GB,7,K,31,Mason Crosby|GB|K,CrosbyMas07,Yellow,138
Duke Johnson,CLE,11,RB,22,Duke Johnson|CLE|RB,JohnsonDuk15,Green,106
Eagles D,PHI,8,D,--,Eagles D|PHI|D,Eagles D,Green,105
Chiefs D,KC,9,D,--,Chiefs D|KC|D,Chiefs D,Yellow,105
Broncos D,DEN,7,D,--,Broncos D|DEN|D,Broncos D,Yellow,105
Tom Brady,NE,4,QB,38,Tom Brady|NE|QB,BradyTom00,Red,282
Mike Nugent,CIN,7,K,33,Mike Nugent|CIN|K,NugentMik05,Yellow,137
Martavis Bryant,PIT,11,WR,24,Martavis Bryant|PIT|WR,BryantMar14,Red,112
Arian Foster,HOU,9,RB,29,Arian Foster|HOU|RB,FosterAri09,Red,104
Patriots D,NE,4,D,--,Patriots D|NE|D,Patriots D,Yellow,104
Allen Robinson,JAC,8,WR,22,Allen Robinson|JAC|WR,RobinsonAll14,Yellow,111
James White,NE,4,RB,23,James White|NE|RB,WhiteJam14,Yellow,101
Greg Zuerlein,STL,6,K,28,Greg Zuerlein|STL|K,ZuerleinGre12,Yellow,135
Justin Tucker,BAL,9,K,26,Justin Tucker|BAL|K,TuckerJus12,Green,135
Torrey Smith,SF,10,WR,26,Torrey Smith|SF|WR,SmithTor11,Yellow,110
Rams D,STL,6,D,--,Rams D|STL|D,Rams D,Yellow,102
Giovani Bernard,CIN,7,RB,24,Giovani Bernard|CIN|RB,BernardGio13,Green,99
Josh Hill,NO,11,TE,25,Josh Hill|NO|TE,HillJos13,Red,81
Steven Hauschka,SEA,9,K,30,Steven Hauschka|SEA|K,HauschkaSte08,Green,134
Davante Adams,GB,7,WR,23,Davante Adams|GB|WR,AdamsDav14,Red,109
Larry Fitzgerald,ARI,9,WR,32,Larry Fitzgerald|ARI|WR,FitzgeraldLar04,Yellow,109
Knile Davis,KC,9,RB,24,Knile Davis|KC|RB,DavisKni13,Green,97
Heath Miller,PIT,11,TE,33,Heath Miller|PIT|TE,MillerHea05,Green,80
Kyle Rudolph,MIN,5,TE,26,Kyle Rudolph|MIN|TE,RudolphKyl11,Red,80
Sebastian Janikowski,OAK,6,K,37,Sebastian Janikowski|OAK|K,JanikowskiSeb00,Yellow,133
Terrance Williams,DAL,6,WR,26,Terrance Williams|DAL|WR,WilliamsTer13,Green,108
Victor Cruz,NYG,11,WR,29,Victor Cruz|NYG|WR,CruzVic10,Red,108
Texans D,HOU,9,D,--,Texans D|HOU|D,Texans D,Green,100
Andre Williams,NYG,11,RB,23,Andre Williams|NYG|RB,WilliamsAnd14,Green,95
Danny Woodhead,SD,10,RB,30,Danny Woodhead|SD|RB,WoodheadDan08,Red,95
DeAngelo Williams,PIT,11,RB,32,DeAngelo Williams|PIT|RB,WilliamsDeA06,Red,95
Jordan Reed,WAS,8,TE,25,Jordan Reed|WAS|TE,ReedJor13,Yellow,79
Cardinals D,ARI,9,D,--,Cardinals D|ARI|D,Cardinals D,Green,99
Packers D,GB,7,D,--,Packers D|GB|D,Packers D,Yellow,99
Ravens D,BAL,9,D,--,Ravens D|BAL|D,Ravens D,Red,99
Charles Sims,TB,6,RB,25,Charles Sims|TB|RB,SimsCha14,Yellow,93
Tyler Eifert,CIN,7,TE,25,Tyler Eifert|CIN|TE,EifertTyl13,Yellow,78
Connor Barth,DEN,7,K,29,Connor Barth|DEN|K,BarthCon08,Red,131
Josh Brown,NYG,11,K,36,Josh Brown|NYG|K,BrownJos03,Green,131
Randy Bullock,HOU,9,K,26,Randy Bullock|HOU|K,BullockRan12,Red,131
Doug Baldwin,SEA,9,WR,27,Doug Baldwin|SEA|WR,BaldwinDou11,Green,106
Breshad Perriman,BAL,9,WR,22,Breshad Perriman|BAL|WR,PerrimanBre15,Red,106
Dolphins D,MIA,5,D,--,Dolphins D|MIA|D,Dolphins D,Yellow,98
Tre Mason,STL,6,RB,22,Tre Mason|STL|RB,MasonTre14,Blue,92
Darren McFadden,DAL,6,RB,28,Darren McFadden|DAL|RB,McFaddenDar08,Yellow,92
Doug Martin,TB,6,RB,26,Doug Martin|TB|RB,MartinDou12,Green,89
Jace Amaro,NYJ,5,TE,23,Jace Amaro|NYJ|TE,AmaroJac14,Yellow,76
Alfred Blue,HOU,9,RB,24,Alfred Blue|HOU|RB,BlueAlf14,Yellow,87
Robert Griffin,WAS,8,QB,25,Robert Griffin|WAS|QB,GriffinRob12,Red,273
Reggie Bush,SF,10,RB,30,Reggie Bush|SF|RB,BushReg06,Green,86
Mychal Rivera,OAK,6,TE,25,Mychal Rivera|OAK|TE,RiveraMyc13,Yellow,74
Dwayne Allen,IND,10,TE,25,Dwayne Allen|IND|TE,AllenDwa12,Green,74
Andy Dalton,CIN,7,QB,28,Andy Dalton|CIN|QB,DaltonAnd11,Green,272
Darren Sproles,PHI,8,RB,32,Darren Sproles|PHI|RB,SprolesDar05,Green,84
Roy Helu,OAK,6,RB,27,Roy Helu|OAK|RB,HeluRoy11,Green,83
Antonio Gates,SD,10,TE,35,Antonio Gates|SD|TE,GatesAnt03,Red,73
Charles Clay,BUF,8,TE,26,Charles Clay|BUF|TE,ClayCha11,Red,73
Jay Cutler,CHI,7,QB,32,Jay Cutler|CHI|QB,CutlerJay06,Yellow,271
Carson Palmer,ARI,9,QB,36,Carson Palmer|ARI|QB,PalmerCar03,Green,271
Kenny Stills,MIA,5,WR,23,Kenny Stills|MIA|WR,StillsKen13,Green,101
Marcus Mariota,TEN,4,QB,22,Marcus Mariota|TEN|QB,MariotaMar15,Red,270
Chris Polk,HOU,9,RB,26,Chris Polk|HOU|RB,PolkChr12,Red,80
Vernon Davis,SF,10,TE,31,Vernon Davis|SF|TE,DavisVer06,Red,71
David Johnson,ARI,9,RB,24,David Johnson|ARI|RB,JohnsonDav15,Yellow,77
Teddy Bridgewater,MIN,5,QB,23,Teddy Bridgewater|MIN|QB,BridgewaterTed14,Yellow,268
Brian Quick,STL,6,WR,26,Brian Quick|STL|WR,QuickBri12,Red,98
Maxx Williams,BAL,9,TE,21,Maxx Williams|BAL|TE,WilliamsMax15,Red,69
David Cobb,TEN,4,RB,22,David Cobb|TEN|RB,CobbDav15,Yellow,74
Shane Vereen,NYG,11,RB,26,Shane Vereen|NYG|RB,VereenSha11,Green,74
Ryan Mathews,PHI,8,RB,28,Ryan Mathews|PHI|RB,MathewsRya10,Green,73
James Starks,GB,7,RB,29,James Starks|GB|RB,StarksJam10,Green,72
Rob Housler,CLE,11,TE,27,Rob Housler|CLE|TE,HouslerRob11,Green,67
Bilal Powell,NYJ,5,RB,27,Bilal Powell|NYJ|RB,PowellBil11,Green,70
Lance Dunbar,DAL,6,RB,25,Lance Dunbar|DAL|RB,DunbarLan12,Green,69
Alex Smith,KC,9,QB,31,Alex Smith|KC|QB,SmithAle05-QB,Green,264
Nelson Agholor,PHI,8,WR,22,Nelson Agholor|PHI|WR,AgholorNel15,Red,94
Dwayne Bowe,CLE,11,WR,31,Dwayne Bowe|CLE|WR,BoweDwa07,Green,94
Denard Robinson,JAC,8,RB,25,Denard Robinson|JAC|RB,RobinsonDen13,Green,68
Dan Herron,IND,10,RB,26,Dan Herron|IND|RB,HerronDan12,Yellow,68
Benny Cunningham,STL,6,RB,25,Benny Cunningham|STL|RB,CunninghamBen13,Blue,67
Mike Tolbert,CAR,5,RB,30,Mike Tolbert|CAR|RB,TolbertMik08,Red,67
Larry Donnell,NYG,11,TE,27,Larry Donnell|NYG|TE,DonnellLar11,Yellow,65
Joe Flacco,BAL,9,QB,30,Joe Flacco|BAL|QB,FlaccoJoe08,Yellow,263
Lorenzo Taliaferro,BAL,9,RB,23,Lorenzo Taliaferro|BAL|RB,TaliaferroLor14,Yellow,65
Cowboys D,DAL,6,D,--,Cowboys D|DAL|D,Cowboys D,Green,97
Jets D,NYJ,5,D,--,Jets D|NYJ|D,Jets D,Red,97
Charles Johnson,MIN,5,WR,26,Charles Johnson|MIN|WR,JohnsonCha13,Yellow,92
Sam Bradford,PHI,8,QB,28,Sam Bradford|PHI|QB,BradfordSam10,Red,261
Donte Moncrief,IND,10,WR,22,Donte Moncrief|IND|WR,MoncriefDon14,Yellow,91
Josh Harris,PIT,11,RB,24,Josh Harris|PIT|RB,HarrisJos14,Green,62
Matt Prater,DET,9,K,31,Matt Prater|DET|K,PraterMat07,Green,129
Panthers D,CAR,5,D,--,Panthers D|CAR|D,Panthers D,Green,96
Ronnie Hillman,DEN,7,RB,24,Ronnie Hillman|DEN|RB,HillmanRon12,Green,59
Kenny Britt,STL,6,WR,27,Kenny Britt|STL|WR,BrittKen09,Green,89
Dan Bailey,DAL,6,K,27,Dan Bailey|DAL|K,BaileyDan11,Yellow,128
Lions D,DET,9,D,--,Lions D|DET|D,Lions D,Red,95
Eddie Royal,CHI,7,WR,29,Eddie Royal|CHI|WR,RoyalEdd08,Green,88
Cody Parkey,PHI,8,K,23,Cody Parkey|PHI|K,ParkeyCod14,Red,127
49ers D,SF,10,D,--,49ers D|SF|D,49ers D,Yellow,94
Bucs D,TB,6,D,--,Bucs D|TB|D,Bucs D,Green,94
Vikings D,MIN,5,D,--,Vikings D|MIN|D,Vikings D,Red,94
Malcom Floyd,SD,10,WR,34,Malcom Floyd|SD|WR,FloydMal04,Yellow,86
Ladarius Green,SD,10,TE,24,Ladarius Green|SD|TE,GreenLad12,Yellow,57
Fred Jackson,BUF,8,RB,34,Fred Jackson|BUF|RB,JacksonFre07,Green,51
Derek Carr,OAK,6,QB,24,Derek Carr|OAK|QB,CarrDer14,Green,255
Andrew Hawkins,CLE,11,WR,29,Andrew Hawkins|CLE|WR,HawkinsAnd08,Yellow,85
Steve Johnson,SD,10,WR,29,Steve Johnson|SD|WR,JohnsonSte08,Red,85
Robert Turbin,SEA,9,RB,26,Robert Turbin|SEA|RB,TurbinRob12,Green,50
Montee Ball,DEN,7,RB,25,Montee Ball|DEN|RB,BallMon13,Green,49
Jerick McKinnon,MIN,5,RB,23,Jerick McKinnon|MIN|RB,McKinnonJer14,Blue,49
Bengals D,CIN,7,D,--,Bengals D|CIN|D,Bengals D,Yellow,93
Falcons D,ATL,10,D,--,Falcons D|ATL|D,Falcons D,Yellow,93
Richard Rodgers,GB,7,TE,23,Richard Rodgers|GB|TE,RodgersRic14,Yellow,55
Jonathan Grimes,HOU,9,RB,26,Jonathan Grimes|HOU|RB,GrimesJon12,Green,48
Damien Williams,MIA,5,RB,23,Damien Williams|MIA|RB,WilliamsDam14,Green,48
Rueben Randle,NYG,11,WR,24,Rueben Randle|NYG|WR,RandleRue12,Green,83
Trent Richardson,OAK,6,RB,24,Trent Richardson|OAK|RB,RichardsonTre12,Green,45
Terrance West,CLE,11,RB,24,Terrance West|CLE|RB,WestTer14,Blue,45
Benjamin Watson,NO,11,TE,35,Benjamin Watson|NO|TE,WatsonBen04,Yellow,53
Cameron Artis-Payne,CAR,5,RB,23,Cameron Artis-Payne|CAR|RB,Artis-PayneCam15,Red,44
Jonas Gray,NE,4,RB,25,Jonas Gray|NE|RB,GrayJon12,Green,44
Branden Oliver,SD,10,RB,24,Branden Oliver|SD|RB,OliverBra14,Blue,43
Dexter McCluster,TEN,4,RB,27,Dexter McCluster|TEN|RB,McClusterDex10,Green,43
Michael Crabtree,OAK,6,WR,28,Michael Crabtree|OAK|WR,CrabtreeMic09,Green,81
Allen Hurns,JAC,8,WR,24,Allen Hurns|JAC|WR,HurnsAll14,Yellow,81
Garrett Graham,HOU,9,TE,29,Garrett Graham|HOU|TE,GrahamGar10,Yellow,52
Scott Chandler,NE,4,TE,30,Scott Chandler|NE|TE,ChandlerSco07,Yellow,52
Theo Riddick,DET,9,RB,24,Theo Riddick|DET|RB,RiddickThe13,Green,41
Nick Folk,NYJ,5,K,31,Nick Folk|NYJ|K,FolkNic07,Green,124
Giants D,NYG,11,D,--,Giants D|NYG|D,Giants D,Red,91
Phillip Dorsett,IND,10,WR,22,Phillip Dorsett|IND|WR,DorsettPhi15,Yellow,80
Luke Willson,SEA,9,TE,25,Luke Willson|SEA|TE,WillsonLuk13,Green,51
Donald Brown,SD,10,RB,28,Donald Brown|SD|RB,BrownDon09,Green,40
Khiry Robinson,NO,11,RB,26,Khiry Robinson|NO|RB,RobinsonKhi13,Green,39
Titans D,TEN,4,D,--,Titans D|TEN|D,Titans D,Yellow,90
Dorial Green-Beckham,TEN,4,WR,22,Dorial Green-Beckham|TEN|WR,Green-BeckhamDor15,Yellow,78
Bobby Rainey,TB,6,RB,28,Bobby Rainey|TB|RB,RaineyBob12,Green,36
Kendall Hunter,SF,10,RB,27,Kendall Hunter|SF|RB,HunterKen11,Green,35
Jacquizz Rodgers,CHI,7,RB,25,Jacquizz Rodgers|CHI|RB,RodgersJac11,Green,35
Marvin Jones,CIN,7,WR,25,Marvin Jones|CIN|WR,JonesMar12-WR,Green,77
Mohamed Sanu,CIN,7,WR,26,Mohamed Sanu|CIN|WR,SanuMoh12,Green,77
Harry Douglas,TEN,4,WR,31,Harry Douglas|TEN|WR,DouglasHar08,Green,77
Antone Smith,ATL,10,RB,30,Antone Smith|ATL|RB,SmithAnt09,Green,34
Zac Stacy,NYJ,5,RB,24,Zac Stacy|NYJ|RB,StacyZac13,Blue,34
Stevan Ridley,NYJ,5,RB,26,Stevan Ridley|NYJ|RB,RidleySte11,Red,33
Matt Jones,WAS,8,RB,22,Matt Jones|WAS|RB,JonesMat15,Blue,33
Caleb Sturgis,MIA,5,K,26,Caleb Sturgis|MIA|K,SturgisCal13,Red,122
Browns D,CLE,11,D,--,Browns D|CLE|D,Browns D,Green,89
Steelers D,PIT,11,D,--,Steelers D|PIT|D,Steelers D,Yellow,89
Marqise Lee,JAC,8,WR,24,Marqise Lee|JAC|WR,LeeMar14,Yellow,76
Jay Ajayi,MIA,5,RB,22,Jay Ajayi|MIA|RB,AjayiJay15,Yellow,32
Robert Woods,BUF,8,WR,23,Robert Woods|BUF|WR,WoodsRob13,Green,75
Rod Streater,OAK,6,WR,27,Rod Streater|OAK|WR,StreaterRod12,Green,75
Markus Wheaton,PIT,11,WR,24,Markus Wheaton|PIT|WR,WheatonMar13,Green,75
Ka'Deem Carey,CHI,7,RB,23,Ka'Deem Carey|CHI|RB,CareyKa'14,Green,30
Silas Redd,WAS,8,RB,23,Silas Redd|WAS|RB,ReddSil14,Green,29
Toby Gerhart,JAC,8,RB,28,Toby Gerhart|JAC|RB,GerhartTob10,Green,29
Colts D,IND,10,D,--,Colts D|IND|D,Colts D,Yellow,88
Jaguars D,JAC,8,D,--,Jaguars D|JAC|D,Jaguars D,Yellow,88
Percy Harvin,BUF,8,WR,27,Percy Harvin|BUF|WR,HarvinPer09,Green,74
Jacob Tamme,ATL,10,TE,30,Jacob Tamme|ATL|TE,TammeJac08,Red,45
Travaris Cadet,NE,4,RB,26,Travaris Cadet|NE|RB,CadetTra12,Red,28
Marcel Reece,OAK,6,RB,30,Marcel Reece|OAK|RB,ReeceMar08,Red,27
Vick Ballard,IND,10,RB,25,Vick Ballard|IND|RB,BallardVic12,Red,27
Christine Michael,SEA,9,RB,25,Christine Michael|SEA|RB,MichaelChr13,Green,26
Juwan Thompson,DEN,7,RB,23,Juwan Thompson|DEN|RB,ThompsonJuw14,Green,25
Mike Davis,SF,10,RB,22,Mike Davis|SF|RB,DavisMik15,Blue,25
John Kuhn,GB,7,RB,33,John Kuhn|GB|RB,KuhnJoh06,Yellow,25
Graham Gano,CAR,5,K,28,Graham Gano|CAR|K,GanoGra09,Yellow,120
Saints D,NO,11,D,--,Saints D|NO|D,Saints D,Red,87
Redskins D,WAS,8,D,--,Redskins D|WAS|D,Redskins D,Yellow,87
Jordan Todman,CAR,5,RB,25,Jordan Todman|CAR|RB,TodmanJor11,Green,24
Brandon Bolden,NE,4,RB,25,Brandon Bolden|NE|RB,BoldenBra12,Green,24
Karlos Williams,BUF,8,RB,22,Karlos Williams|BUF|RB,WilliamsKar15,Green,24
Marcus Murphy,NO,11,RB,24,Marcus Murphy|NO|RB,MurphyMar15,Green,24
Javorius Allen,BAL,9,RB,24,Javorius Allen|BAL|RB,AllenJav15,Green,23
Matt Asiata,MIN,5,RB,28,Matt Asiata|MIN|RB,AsiataMat11,Green,23
Marlon Brown,BAL,9,WR,24,Marlon Brown|BAL|WR,BrownMar13,Yellow,71
Kenny Hilliard,HOU,9,RB,24,Kenny Hilliard|HOU|RB,HilliardKen15,Blue,22
Fozzy Whittaker,CAR,5,RB,26,Fozzy Whittaker|CAR|RB,WhittakerFoz12,Green,21
Blake Bortles,JAC,8,QB,24,Blake Bortles|JAC|QB,BortlesBla14,Red,240
Nick Foles,STL,6,QB,26,Nick Foles|STL|QB,FolesNic12,Green,240
Phil Dawson,SF,10,K,40,Phil Dawson|SF|K,DawsonPhi99,Yellow,119
Chandler Catanzaro,ARI,9,K,24,Chandler Catanzaro|ARI|K,CatanzaroCha14,Yellow,119
Stepfan Taylor,ARI,9,RB,24,Stepfan Taylor|ARI|RB,TaylorSte13,Green,20
Brent Celek,PHI,8,TE,30,Brent Celek|PHI|TE,CelekBre07,Yellow,40
Marion Grice,ARI,9,RB,24,Marion Grice|ARI|RB,GriceMar14,Green,18
Josh Robinson,IND,10,RB,23,Josh Robinson|IND|RB,RobinsonJos15,Green,18
George Winn,DET,9,RB,25,George Winn|DET|RB,WinnGeo13,Green,17
Anthony Dixon,BUF,8,RB,28,Anthony Dixon|BUF|RB,DixonAnt10,Red,15
Kerwynn Williams,ARI,9,RB,24,Kerwynn Williams|ARI|RB,WilliamsKer13,Green,15
DuJuan Harris,MIN,5,RB,27,DuJuan Harris|MIN|RB,HarrisDuJ11,Green,15
Rex Burkhead,CIN,7,RB,25,Rex Burkhead|CIN|RB,BurkheadRex13,Green,15
Cedric Peerman,CIN,7,RB,29,Cedric Peerman|CIN|RB,PeermanCed09,Green,15
Bernard Pierce,JAC,8,RB,24,Bernard Pierce|JAC|RB,PierceBer12,Red,15
DeVante Parker,MIA,5,WR,22,DeVante Parker|MIA|WR,ParkerDeV15,Red,67
Cecil Shorts,HOU,9,WR,28,Cecil Shorts|HOU|WR,ShortsCec11,Red,67
Marcedes Lewis,JAC,8,TE,31,Marcedes Lewis|JAC|TE,LewisMar06,Yellow,38
Jermaine Gresham,ARI,9,TE,27,Jermaine Gresham|ARI|TE,GreshamJer10,Red,38
Bryce Brown,BUF,8,RB,24,Bryce Brown|BUF|RB,BrownBry12,Green,14
Jeremy Langford,CHI,7,RB,24,Jeremy Langford|CHI|RB,LangfordJer15,Blue,14
Isaiah Pead,STL,6,RB,26,Isaiah Pead|STL|RB,PeadIsa12,Green,13
Dan Carpenter,BUF,8,K,30,Dan Carpenter|BUF|K,CarpenterDan08,Yellow,117
Bears D,CHI,7,D,--,Bears D|CHI|D,Bears D,Green,84
Cody Latimer,DEN,7,WR,23,Cody Latimer|DEN|WR,LatimerCod14,Red,66
Gavin Escobar,DAL,6,TE,24,Gavin Escobar|DAL|TE,EscobarGav13,Green,37
Virgil Green,DEN,7,TE,27,Virgil Green|DEN|TE,GreenVir11,Green,37
Thomas Rawls,SEA,9,RB,22,Thomas Rawls|SEA|RB,RawlsTho15$,Blue,12
Fitzgerald Toussaint,BAL,9,RB,25,Fitzgerald Toussaint|BAL|RB,ToussaintFit14,Green,12
Andrew Quarless,GB,7,TE,27,Andrew Quarless|GB|TE,QuarlessAnd10,Yellow,36
Zurlon Tipton,IND,10,RB,25,Zurlon Tipton|IND|RB,TiptonZur14,Red,10
Nick Novak,SD,10,K,34,Nick Novak|SD|K,NovakNic05,Yellow,116
Cairo Santos,KC,9,K,24,Cairo Santos|KC|K,SantosCai14,Yellow,116
Chargers D,SD,10,D,--,Chargers D|SD|D,Chargers D,Yellow,83
Cole Beasley,DAL,6,WR,26,Cole Beasley|DAL|WR,BeasleyCol12,Green,64
Devin Funchess,CAR,5,WR,21,Devin Funchess|CAR|WR,FunchessDev15,Green,64
Riley Cooper,PHI,8,WR,28,Riley Cooper|PHI|WR,CooperRil10,Yellow,63
Tavon Austin,STL,6,WR,24,Tavon Austin|STL|WR,AustinTav13,Green,63
Greg Jennings,MIA,5,WR,32,Greg Jennings|MIA|WR,JenningsGre06,Green,61
Raiders D,OAK,6,D,--,Raiders D|OAK|D,Raiders D,Yellow,81
Andre Roberts,WAS,8,WR,27,Andre Roberts|WAS|WR,RobertsAnd10,Yellow,59
Jeremy Kerley,NYJ,5,WR,27,Jeremy Kerley|NYJ|WR,KerleyJer11,Green,59
Justin Hunter,TEN,4,WR,24,Justin Hunter|TEN|WR,HunterJus13,Red,58
Chris Conley,KC,9,WR,23,Chris Conley|KC|WR,ConleyChr15,Red,58
Levine Toilolo,ATL,10,TE,24,Levine Toilolo|ATL|TE,ToiloloLev13,Green,28
Ryan Succop,TEN,4,K,29,Ryan Succop|TEN|K,SuccopRya09,Green,112
Jarius Wright,MIN,5,WR,26,Jarius Wright|MIN|WR,WrightJar12,Green,56
Brian Hartline,CLE,11,WR,29,Brian Hartline|CLE|WR,HartlineBri09,Yellow,55
Ryan Fitzpatrick,NYJ,5,QB,33,Ryan Fitzpatrick|NYJ|QB,FitzpatrickRya05,Red,224
Dustin Hopkins,NO,11,K,25,Dustin Hopkins|NO|K,HopkinsDus13,Red,111
Jermaine Kearse,SEA,9,WR,25,Jermaine Kearse|SEA|WR,KearseJer12,Green,54
Marquess Wilson,CHI,7,WR,23,Marquess Wilson|CHI|WR,WilsonMar13,Yellow,53
Nick Toon,NO,11,WR,27,Nick Toon|NO|WR,ToonNic12,Yellow,53
Garrett Hartley,PIT,11,K,29,Garrett Hartley|PIT|K,HartleyGar08,Yellow,110
Robbie Gould,CHI,7,K,33,Robbie Gould|CHI|K,GouldRob05,Yellow,110
Jameis Winston,TB,6,QB,21,Jameis Winston|TB|QB,WinstonJam15,Red,221
Taylor Gabriel,CLE,11,WR,24,Taylor Gabriel|CLE|WR,GabrielTay14,Yellow,50
Jaron Brown,ARI,9,WR,25,Jaron Brown|ARI|WR,BrownJar13,Yellow,50
Stedman Bailey,STL,6,WR,25,Stedman Bailey|STL|WR,BaileySte13,Green,50
Tyler Lockett,SEA,9,WR,23,Tyler Lockett|SEA|WR,LockettTyl15,Red,49
Kai Forbath,WAS,8,K,28,Kai Forbath|WAS|K,ForbathKai11,Red,108
Jerricho Cotchery,CAR,5,WR,33,Jerricho Cotchery|CAR|WR,CotcheryJer04,Yellow,46
Albert Wilson,KC,9,WR,23,Albert Wilson|KC|WR,WilsonAlb14,Yellow,46
Jaelen Strong,HOU,9,WR,21,Jaelen Strong|HOU|WR,StrongJae15,Red,46
Lance Kendricks,STL,6,TE,27,Lance Kendricks|STL|TE,KendricksLan11,Green,17
Kamar Aiken,BAL,9,WR,26,Kamar Aiken|BAL|WR,AikenKam11,Yellow,45
Jared Abbrederis,GB,7,WR,25,Jared Abbrederis|GB|WR,AbbrederisJar14,Yellow,45
Kevin White,CHI,7,WR,23,Kevin White|CHI|WR,WhiteKev15,Red,44
Leonard Hankerson,ATL,10,WR,27,Leonard Hankerson|ATL|WR,HankersonLeo11,Yellow,44
Andre Holmes,OAK,6,WR,27,Andre Holmes|OAK|WR,HolmesAnd11,Green,41
Ted Ginn,CAR,5,WR,30,Ted Ginn|CAR|WR,GinnTed07,Green,41
Bruce Ellington,SF,10,WR,24,Bruce Ellington|SF|WR,EllingtonBru14,Yellow,40
Brandon Coleman,NO,11,WR,23,Brandon Coleman|NO|WR,ColemanBra14$,Red,39
Devin Hester,ATL,10,WR,33,Devin Hester|ATL|WR,HesterDev06,Yellow,39
Travis Coons,CLE,11,K,23,Travis Coons|CLE|K,CoonsTra14$,Red,103
Corey Fuller,DET,9,WR,25,Corey Fuller|DET|WR,FullerCor13,Yellow,38
Justin Hardy,ATL,10,WR,24,Justin Hardy|ATL|WR,HardyJus15,Yellow,37
Patrick Murray,TB,6,K,24,Patrick Murray|TB|K,MurrayPat13,Yellow,102
Josh Scobee,JAC,8,K,33,Josh Scobee|JAC|K,ScobeeJos04,Red,102
De'Anthony Thomas,KC,9,WR,22,De'Anthony Thomas|KC|WR,ThomasDe'14,Yellow,33
Seantavius Jones,NO,11,WR,23,Seantavius Jones|NO|WR,JonesSea14$,Red,30
Cordarrelle Patterson,MIN,5,WR,24,Cordarrelle Patterson|MIN|WR,PattersonCor13,Blue,30
Joseph Morgan,NO,11,WR,27,Joseph Morgan|NO|WR,MorganJos11,Red,30
Josh McCown,CLE,11,QB,36,Josh McCown|CLE|QB,McCownJos02,Yellow,199
Jacoby Jones,SD,10,WR,31,Jacoby Jones|SD|WR,JonesJac07,Green,29
Hakeem Nicks,TEN,4,WR,27,Hakeem Nicks|TEN|WR,NicksHak09,Green,28
Jason Avant,KC,9,WR,32,Jason Avant|KC|WR,AvantJas06,Green,28
Rashad Greene,JAC,8,WR,23,Rashad Greene|JAC|WR,GreeneRas15,Yellow,27
Michael Campanaro,BAL,9,WR,24,Michael Campanaro|BAL|WR,CampanaroMic14,Green,27
Devin Smith,NYJ,5,WR,23,Devin Smith|NYJ|WR,SmithDev15,Yellow,26
Louis Murphy,TB,6,WR,28,Louis Murphy|TB|WR,MurphyLou09,Green,25
Matt Cassel,BUF,8,QB,33,Matt Cassel|BUF|QB,CasselMat05,Red,193
Danny Amendola,NE,4,WR,30,Danny Amendola|NE|WR,AmendolaDan08,Green,23
Travis Benjamin,CLE,11,WR,26,Travis Benjamin|CLE|WR,BenjaminTra12,Green,23
Kenbrell Thompkins,OAK,6,WR,27,Kenbrell Thompkins|OAK|WR,ThompkinsKen13,Yellow,22
Philly Brown,CAR,5,WR,24,Philly Brown|CAR|WR,BrownCor14,Blue,22
Paul Richardson,SEA,9,WR,23,Paul Richardson|SEA|WR,RichardsonPau14,Red,22
Josh Huff,PHI,8,WR,24,Josh Huff|PHI|WR,HuffJos14,Green,22
Preston Parker,NYG,11,WR,28,Preston Parker|NYG|WR,ParkerPre10,Green,22
Ricardo Lockette,SEA,9,WR,29,Ricardo Lockette|SEA|WR,LocketteRic11,Green,22
Marquise Goodwin,BUF,8,WR,25,Marquise Goodwin|BUF|WR,GoodwinMar13,Green,21
Dontrelle Inman,SD,10,WR,26,Dontrelle Inman|SD|WR,InmanDon11,Green,20
Stefon Diggs,MIN,5,WR,22,Stefon Diggs|MIN|WR,DiggsSte15,Yellow,20
A.J. Jenkins,DAL,6,WR,26,A.J. Jenkins|DAL|WR,JenkinsA.J12,Red,19
Damaris Johnson,HOU,9,WR,26,Damaris Johnson|HOU|WR,JohnsonDam12,Yellow,19
Keshawn Martin,HOU,9,WR,25,Keshawn Martin|HOU|WR,MartinKes12,Yellow,19
Brian Hoyer,HOU,9,QB,30,Brian Hoyer|HOU|QB,HoyerBri09,Yellow,188
Austin Pettis,SD,10,WR,27,Austin Pettis|SD|WR,PettisAus11,Green,18
Denarius Moore,CIN,7,WR,27,Denarius Moore|CIN|WR,MooreDen11,Green,18
Nate Washington,HOU,9,WR,32,Nate Washington|HOU|WR,WashingtonNat05,Yellow,18
Sammie Coates,PIT,11,WR,22,Sammie Coates|PIT|WR,CoatesSam15,Green,17
Quinton Patton,SF,10,WR,25,Quinton Patton|SF|WR,PattonQui13,Green,15
Jarrett Boykin,CAR,5,WR,26,Jarrett Boykin|CAR|WR,BoykinJar12,Blue,15
Dri Archer,PIT,11,WR,24,Dri Archer|PIT|WR,ArcherDri14,Blue,15
Andre Caldwell,DEN,7,WR,30,Andre Caldwell|DEN|WR,CaldwellAnd08,Green,12
Jeremy Ross,DET,9,WR,27,Jeremy Ross|DET|WR,RossJer11,Green,11
James Wright,CIN,7,WR,24,James Wright|CIN|WR,WrightJam14,Yellow,11
Frankie Hammond,KC,9,WR,25,Frankie Hammond|KC|WR,HammondFra13,Green,11
Rishard Matthews,MIA,5,WR,26,Rishard Matthews|MIA|WR,MatthewsRis12,Blue,10
Brandon Tate,CIN,7,WR,28,Brandon Tate|CIN|WR,TateBra09,Blue,8
Luke Kuechly,CAR,5,IDP-LB,24,Luke Kuechly|CAR|IDP-LB,KuechlyLuk12,Yellow,140
Paul Posluszny,JAC,8,IDP-LB,31,Paul Posluszny|JAC|IDP-LB,PoslusznyPau07,Yellow,135
Lavonte David,TB,6,IDP-LB,25,Lavonte David|TB|IDP-LB,DavidLav12,Yellow,128
NaVorro Bowman,SF,10,IDP-LB,27,NaVorro Bowman|SF|IDP-LB,BowmanNav10,Yellow,118
Kiko Alonso,PHI,8,IDP-LB,25,Kiko Alonso|PHI|IDP-LB,AlonsoKik13,Yellow,116
DeAndre Levy,DET,9,IDP-LB,28,DeAndre Levy|DET|IDP-LB,LevyDeA09,Yellow,116
Alec Ogletree,STL,6,IDP-LB,24,Alec Ogletree|STL|IDP-LB,OgletreeAle13,Yellow,116
C.J. Mosley,BAL,9,IDP-LB,23,C.J. Mosley|BAL|IDP-LB,MosleyC.J14,Yellow,115
Danny Trevathan,DEN,7,IDP-LB,25,Danny Trevathan|DEN|IDP-LB,TrevathanDan12,Yellow,112
Bobby Wagner,SEA,9,IDP-LB,25,Bobby Wagner|SEA|IDP-LB,WagnerBob12,Yellow,111
Eric Weddle,SD,10,IDP-SAF,30,Eric Weddle|SD|IDP-SAF,WeddleEri07,Yellow,109
D'Qwell Jackson,IND,10,IDP-LB,32,D'Qwell Jackson|IND|IDP-LB,JacksonD'Q06,Yellow,109
Paul Worrilow,ATL,10,IDP-LB,25,Paul Worrilow|ATL|IDP-LB,WorrilowPau13,Yellow,108
Stephen Tulloch,DET,9,IDP-LB,30,Stephen Tulloch|DET|IDP-LB,TullochSte06,Yellow,108
Mychal Kendricks,PHI,8,IDP-LB,25,Mychal Kendricks|PHI|IDP-LB,KendricksMyc12,Yellow,107
Karlos Dansby,CLE,11,IDP-LB,34,Karlos Dansby|CLE|IDP-LB,DansbyKar04,Yellow,107
Charles Woodson,OAK,6,IDP-SAF,39,Charles Woodson|OAK|IDP-SAF,WoodsonCha98,Yellow,106
Daryl Smith,BAL,9,IDP-LB,33,Daryl Smith|BAL|IDP-LB,SmithDar04,Yellow,106
Anthony Barr,MIN,5,IDP-LB,23,Anthony Barr|MIN|IDP-LB,BarrAnt14,Yellow,106
Harrison Smith,MIN,5,IDP-SAF,26,Harrison Smith|MIN|IDP-SAF,SmithHar12,Yellow,105
Lawrence Timmons,PIT,11,IDP-LB,29,Lawrence Timmons|PIT|IDP-LB,TimmonsLaw07,Yellow,105
Curtis Lofton,OAK,6,IDP-LB,29,Curtis Lofton|OAK|IDP-LB,LoftonCur08,Yellow,104
J.J. Watt,HOU,9,IDP-DE,26,J.J. Watt|HOU|IDP-DE,WattJ.J11,Yellow,104
Morgan Burnett,GB,7,IDP-SAF,26,Morgan Burnett|GB|IDP-SAF,BurnettMor10,Yellow,103
Johnathan Cyprien,JAC,8,IDP-SAF,25,Johnathan Cyprien|JAC|IDP-SAF,CyprienJoh13,Yellow,102
Nigel Bradham,BUF,8,IDP-LB,26,Nigel Bradham|BUF|IDP-LB,BradhamNig12,Yellow,102
Reshad Jones,MIA,5,IDP-SAF,27,Reshad Jones|MIA|IDP-SAF,JonesRes10,Yellow,101
Michael Griffin,TEN,4,IDP-SAF,30,Michael Griffin|TEN|IDP-SAF,GriffinMic07,Yellow,101
Derrick Johnson,KC,9,IDP-LB,33,Derrick Johnson|KC|IDP-LB,JohnsonDer05-LB,Yellow,101
Brandon Marshall,DEN,7,IDP-LB,26,Brandon Marshall|DEN|IDP-LB,MarshallBra12,Yellow,101
James Laurinaitis,STL,6,IDP-LB,29,James Laurinaitis|STL|IDP-LB,LaurinaitisJam09,Yellow,101
Eric Kendricks,MIN,5,IDP-LB,23,Eric Kendricks|MIN|IDP-LB,KendricksEri15,Yellow,100
Earl Thomas,SEA,9,IDP-SAF,26,Earl Thomas|SEA|IDP-SAF,ThomasEar10,Yellow,99
Demario Davis,NYJ,5,IDP-LB,26,Demario Davis|NYJ|IDP-LB,DavisDem12,Yellow,99
Antoine Bethea,SF,10,IDP-SAF,31,Antoine Bethea|SF|IDP-SAF,BetheaAnt06,Yellow,97
T.J. McDonald,STL,6,IDP-SAF,24,T.J. McDonald|STL|IDP-SAF,McDonaldT.J13,Yellow,97
Jerrell Freeman,IND,10,IDP-LB,29,Jerrell Freeman|IND|IDP-LB,FreemanJer08,Yellow,97
David Harris,NYJ,5,IDP-LB,31,David Harris|NYJ|IDP-LB,HarrisDav07,Yellow,97
Stephone Anthony,NO,11,IDP-LB,23,Stephone Anthony|NO|IDP-LB,AnthonySte15,Yellow,96
Antrel Rolle,CHI,7,IDP-SAF,33,Antrel Rolle|CHI|IDP-SAF,RolleAnt05,Yellow,95
Barry Church,DAL,6,IDP-SAF,27,Barry Church|DAL|IDP-SAF,ChurchBar10,Yellow,95
Dont'a Hightower,NE,4,IDP-LB,25,Dont'a Hightower|NE|IDP-LB,HightowerDon12,Red,95
Preston Brown,BUF,8,IDP-LB,23,Preston Brown|BUF|IDP-LB,BrownPre14,Yellow,95
Jelani Jenkins,MIA,5,IDP-LB,23,Jelani Jenkins|MIA|IDP-LB,JenkinsJel13,Yellow,95
Brian Cushing,HOU,9,IDP-LB,28,Brian Cushing|HOU|IDP-LB,CushingBri09,Yellow,94
Jon Beason,NYG,11,IDP-LB,30,Jon Beason|NYG|IDP-LB,BeasonJon07,Yellow,93
Justin Houston,KC,9,IDP-LB,26,Justin Houston|KC|IDP-LB,HoustonJus11,Yellow,93
Thomas Davis,CAR,5,IDP-LB,32,Thomas Davis|CAR|IDP-LB,DavisTho05,Yellow,93
Sio Moore,OAK,6,IDP-LB,25,Sio Moore|OAK|IDP-LB,MooreSio13,Yellow,93
Christian Jones,CHI,7,IDP-LB,24,Christian Jones|CHI|IDP-LB,JonesChr14,Yellow,93
Donte Whitner,CLE,11,IDP-SAF,30,Donte Whitner|CLE|IDP-SAF,WhitnerDon06,Yellow,92
J.T. Thomas,NYG,11,IDP-LB,27,J.T. Thomas|NYG|IDP-LB,ThomasJ.T11,Yellow,91
Sean Lee,DAL,6,IDP-LB,29,Sean Lee|DAL|IDP-LB,LeeSea10,Yellow,91
Ryan Shazier,PIT,11,IDP-LB,23,Ryan Shazier|PIT|IDP-LB,ShazierRya14,Yellow,90
Kam Chancellor,SEA,9,IDP-SAF,27,Kam Chancellor|SEA|IDP-SAF,ChancellorKam10,Yellow,89
T.J. Ward,DEN,7,IDP-SAF,29,T.J. Ward|DEN|IDP-SAF,WardT.J10,Yellow,89
Perry Riley,WAS,8,IDP-LB,27,Perry Riley|WAS|IDP-LB,RileyPer10,Yellow,89
Keenan Robinson,WAS,8,IDP-LB,26,Keenan Robinson|WAS|IDP-LB,RobinsonKee12,Yellow,89
Jerod Mayo,NE,4,IDP-LB,29,Jerod Mayo|NE|IDP-LB,MayoJer08,Yellow,87
Jason McCourty,TEN,4,IDP-CB,28,Jason McCourty|TEN|IDP-CB,McCourtyJas09,Yellow,87
Corey Graham,BUF,8,IDP-CB,30,Corey Graham|BUF|IDP-CB,GrahamCor07,Yellow,87
Telvin Smith,JAC,8,IDP-LB,24,Telvin Smith|JAC|IDP-LB,SmithTel14,Yellow,86
Prince Amukamara,NYG,11,IDP-CB,26,Prince Amukamara|NYG|IDP-CB,AmukamaraPri11,Yellow,86
Von Miller,DEN,7,IDP-LB,26,Von Miller|DEN|IDP-LB,MillerVon11,Yellow,84
Chandler Jones,NE,4,IDP-DE,25,Chandler Jones|NE|IDP-DE,JonesCha12,Yellow,84
Reggie Nelson,CIN,7,IDP-SAF,32,Reggie Nelson|CIN|IDP-SAF,NelsonReg07,Yellow,83
Sam Barrington,GB,7,IDP-LB,25,Sam Barrington|GB|IDP-LB,BarringtonSam13,Yellow,83
Clay Matthews,GB,7,IDP-LB,29,Clay Matthews|GB|IDP-LB,MatthewsCla09,Yellow,83
Elvis Dumervil,BAL,9,IDP-LB,31,Elvis Dumervil|BAL|IDP-LB,DumervilElv06,Yellow,83
Khalil Mack,OAK,6,IDP-LB,24,Khalil Mack|OAK|IDP-LB,MackKha14,Yellow,83
Eric Berry,KC,9,IDP-SAF,27,Eric Berry|KC|IDP-SAF,BerryEri10,Red,82
Robert Blanton,MIN,5,IDP-SAF,26,Robert Blanton|MIN|IDP-SAF,BlantonRob12,Yellow,82
Ryan Kerrigan,WAS,8,IDP-LB,27,Ryan Kerrigan|WAS|IDP-LB,KerriganRya11,Yellow,82
Manti Te'o,SD,10,IDP-LB,24,Manti Te'o|SD|IDP-LB,Te'oMan13,Yellow,82
Ha Ha Clinton-Dix,GB,7,IDP-SAF,23,Ha Ha Clinton-Dix|GB|IDP-SAF,Clinton-DixHaH14,Yellow,81
Avery Williamson,TEN,4,IDP-LB,23,Avery Williamson|TEN|IDP-LB,WilliamsonAve14,Yellow,81
James Ihedigbo,DET,9,IDP-SAF,32,James Ihedigbo|DET|IDP-SAF,IhedigboJam07,Yellow,80
Nate Allen,OAK,6,IDP-SAF,28,Nate Allen|OAK|IDP-SAF,AllenNat10,Yellow,80
Josh Mauga,KC,9,IDP-LB,28,Josh Mauga|KC|IDP-LB,MaugaJos09,Yellow,80
Malcolm Jenkins,PHI,8,IDP-SAF,28,Malcolm Jenkins|PHI|IDP-SAF,JenkinsMal09,Yellow,79
Craig Robertson,CLE,11,IDP-LB,27,Craig Robertson|CLE|IDP-LB,RobertsonCra11,Yellow,79
Patrick Chung,NE,4,IDP-SAF,28,Patrick Chung|NE|IDP-SAF,ChungPat09,Yellow,78
Kwon Alexander,TB,6,IDP-LB,21,Kwon Alexander|TB|IDP-LB,AlexanderKwo15,Yellow,78
Chad Greenway,MIN,5,IDP-LB,32,Chad Greenway|MIN|IDP-LB,GreenwayCha06,Yellow,78
Jadeveon Clowney,HOU,9,IDP-LB,22,Jadeveon Clowney|HOU|IDP-LB,ClowneyJad14,Yellow,77
Johnathan Joseph,HOU,9,IDP-CB,31,Johnathan Joseph|HOU|IDP-CB,JosephJoh06,Yellow,77
Bashaud Breeland,WAS,8,IDP-CB,23,Bashaud Breeland|WAS|IDP-CB,BreelandBas14,Yellow,77
Joe Haden,CLE,11,IDP-CB,26,Joe Haden|CLE|IDP-CB,HadenJoe10,Yellow,77
William Moore,ATL,10,IDP-SAF,30,William Moore|ATL|IDP-SAF,MooreWil09,Yellow,76
Devin McCourty,NE,4,IDP-SAF,28,Devin McCourty|NE|IDP-SAF,McCourtyDev10,Yellow,76
Roman Harper,CAR,5,IDP-SAF,33,Roman Harper|CAR|IDP-SAF,HarperRom06,Yellow,76
Tre Boston,CAR,5,IDP-SAF,23,Tre Boston|CAR|IDP-SAF,BostonTre14,Yellow,76
K.J. Wright,SEA,9,IDP-LB,26,K.J. Wright|SEA|IDP-LB,WrightK.J11,Yellow,76
Koa Misi,MIA,5,IDP-LB,28,Koa Misi|MIA|IDP-LB,MisiKoa10,Yellow,76
Chris Kirksey,CLE,11,IDP-LB,23,Chris Kirksey|CLE|IDP-LB,KirkseyChr14,Yellow,76
Kareem Jackson,HOU,9,IDP-CB,27,Kareem Jackson|HOU|IDP-CB,JacksonKar10,Yellow,76
Perrish Cox,TEN,4,IDP-CB,28,Perrish Cox|TEN|IDP-CB,CoxPer10,Yellow,76
Danny Lansanah,TB,6,IDP-LB,30,Danny Lansanah|TB|IDP-LB,LansanahDan08,Yellow,75
Jamie Collins,NE,4,IDP-LB,25,Jamie Collins|NE|IDP-LB,CollinsJam13,Yellow,75
Bradley Roby,DEN,7,IDP-CB,23,Bradley Roby|DEN|IDP-CB,RobyBra14,Yellow,75
Leodis McKelvin,BUF,8,IDP-CB,30,Leodis McKelvin|BUF|IDP-CB,McKelvinLeo08,Yellow,75
Darrelle Revis,NYJ,5,IDP-CB,30,Darrelle Revis|NYJ|IDP-CB,RevisDar07,Yellow,75
D.J. Hayden,OAK,6,IDP-CB,25,D.J. Hayden|OAK|IDP-CB,HaydenD.J13,Yellow,75
Louis Delmas,MIA,5,IDP-SAF,28,Louis Delmas|MIA|IDP-SAF,DelmasLou09,Yellow,74
Emmanuel Lamur,CIN,7,IDP-LB,26,Emmanuel Lamur|CIN|IDP-LB,LamurEmm12,Yellow,74
Michael Wilhoite,SF,10,IDP-LB,29,Michael Wilhoite|SF|IDP-LB,WilhoiteMic11,Yellow,74
Rob Ninkovich,NE,4,IDP-DE,31,Rob Ninkovich|NE|IDP-DE,NinkovichRob06,Yellow,74
Leon Hall,CIN,7,IDP-CB,31,Leon Hall|CIN|IDP-CB,HallLeo07,Yellow,74
Shareece Wright,SF,10,IDP-CB,28,Shareece Wright|SF|IDP-CB,WrightSha11,Yellow,74
William Gay,PIT,11,IDP-CB,30,William Gay|PIT|IDP-CB,GayWil07,Yellow,74
Rodney McLeod,STL,6,IDP-SAF,25,Rodney McLeod|STL|IDP-SAF,McLeodRod12,Yellow,73
Shea McClellin,CHI,7,IDP-LB,26,Shea McClellin|CHI|IDP-LB,McClellinShe12,Yellow,73
Tamba Hali,KC,9,IDP-LB,32,Tamba Hali|KC|IDP-LB,HaliTam06,Yellow,73
Terrell Suggs,BAL,9,IDP-LB,33,Terrell Suggs|BAL|IDP-LB,SuggsTer03,Yellow,73
Melvin Ingram,SD,10,IDP-LB,26,Melvin Ingram|SD|IDP-LB,IngramMel12,Yellow,73
Tramon Williams,CLE,11,IDP-CB,32,Tramon Williams|CLE|IDP-CB,WilliamsTra06,Yellow,73
Xavier Rhodes,MIN,5,IDP-CB,25,Xavier Rhodes|MIN|IDP-CB,RhodesXav13,Yellow,73
Landon Collins,NYG,11,IDP-SAF,21,Landon Collins|NYG|IDP-SAF,CollinsLan15,Red,72
George Iloka,CIN,7,IDP-SAF,25,George Iloka|CIN|IDP-SAF,IlokaGeo12,Yellow,72
Tashaun Gipson,CLE,11,IDP-SAF,25,Tashaun Gipson|CLE|IDP-SAF,GipsonTas12,Yellow,72
Calvin Pryor,NYJ,5,IDP-SAF,23,Calvin Pryor|NYJ|IDP-SAF,PryorCal14,Yellow,72
Wesley Woodyard,TEN,4,IDP-LB,29,Wesley Woodyard|TEN|IDP-LB,WoodyardWes08,Yellow,72
A.J. Hawk,CIN,7,IDP-LB,31,A.J. Hawk|CIN|IDP-LB,HawkA.J06,Red,72
Alterraun Verner,TB,6,IDP-CB,27,Alterraun Verner|TB|IDP-CB,VernerAlt10,Yellow,72
Chris Culliver,WAS,8,IDP-CB,27,Chris Culliver|WAS|IDP-CB,CulliverChr11,Yellow,72
Marcus Gilchrist,NYJ,5,IDP-SAF,27,Marcus Gilchrist|NYJ|IDP-SAF,GilchristMar11,Yellow,71
Dannell Ellerbe,NO,11,IDP-LB,30,Dannell Ellerbe|NO|IDP-LB,EllerbeDan09,Yellow,71
Sean Weatherspoon,ARI,9,IDP-LB,28,Sean Weatherspoon|ARI|IDP-LB,WeatherspoonSea10,Yellow,71
Everson Griffen,MIN,5,IDP-DE,28,Everson Griffen|MIN|IDP-DE,GriffenEve10,Yellow,71
Jerraud Powers,ARI,9,IDP-CB,28,Jerraud Powers|ARI|IDP-CB,PowersJer09,Yellow,71
Kyle Fuller,CHI,7,IDP-CB,23,Kyle Fuller|CHI|IDP-CB,FullerKyl14,Yellow,71
Orlando Scandrick,DAL,6,IDP-CB,28,Orlando Scandrick|DAL|IDP-CB,ScandrickOrl08,Yellow,71
Dwayne Gratz,JAC,8,IDP-CB,25,Dwayne Gratz|JAC|IDP-CB,GratzDwa13,Yellow,71
Aqib Talib,DEN,7,IDP-CB,29,Aqib Talib|DEN|IDP-CB,TalibAqi08,Yellow,71
Josh Norman,CAR,5,IDP-CB,28,Josh Norman|CAR|IDP-CB,NormanJos12,Yellow,71
Brandon Flowers,SD,10,IDP-CB,29,Brandon Flowers|SD|IDP-CB,FlowersBra08,Yellow,71
Janoris Jenkins,STL,6,IDP-CB,27,Janoris Jenkins|STL|IDP-CB,JenkinsJan12,Yellow,71
Sergio Brown,JAC,8,IDP-SAF,27,Sergio Brown|JAC|IDP-SAF,BrownSer10,Yellow,70
Carlos Dunlap,CIN,7,IDP-DE,26,Carlos Dunlap|CIN|IDP-DE,DunlapCar10,Yellow,70
Olivier Vernon,MIA,5,IDP-DE,25,Olivier Vernon|MIA|IDP-DE,VernonOli12,Yellow,70
Eric Rowe,PHI,8,IDP-CB,23,Eric Rowe|PHI|IDP-CB,RoweEri15,Yellow,70
Brandon Carr,DAL,6,IDP-CB,29,Brandon Carr|DAL|IDP-CB,CarrBra08,Yellow,70
Darius Slay,DET,9,IDP-CB,24,Darius Slay|DET|IDP-CB,SlayDar13,Yellow,70
Bene' Benwikere,CAR,5,IDP-CB,24,Bene' Benwikere|CAR|IDP-CB,BenwikereBen14,Yellow,70
Chris Conte,TB,6,IDP-SAF,26,Chris Conte|TB|IDP-SAF,ConteChr11,Yellow,69
Shamarko Thomas,PIT,11,IDP-SAF,24,Shamarko Thomas|PIT|IDP-SAF,ThomasSha13,Yellow,69
Mario Williams,BUF,8,IDP-DE,30,Mario Williams|BUF|IDP-DE,WilliamsMar06,Yellow,69
Robert Quinn,STL,6,IDP-DE,25,Robert Quinn|STL|IDP-DE,QuinnRob11,Yellow,69
Phillip Gaines,KC,9,IDP-CB,24,Phillip Gaines|KC|IDP-CB,GainesPhi14,Yellow,69
Vontae Davis,IND,10,IDP-CB,27,Vontae Davis|IND|IDP-CB,DavisVon09,Yellow,69
Chris Harris,DEN,7,IDP-CB,26,Chris Harris|DEN|IDP-CB,HarrisChr11,Yellow,69
Terence Newman,MIN,5,IDP-CB,37,Terence Newman|MIN|IDP-CB,NewmanTer03,Yellow,69
Eric Reid,SF,10,IDP-SAF,24,Eric Reid|SF|IDP-SAF,ReidEri13,Yellow,68
Glover Quin,DET,9,IDP-SAF,29,Glover Quin|DET|IDP-SAF,QuinGlo09,Yellow,68
Da'Norris Searcy,TEN,4,IDP-SAF,27,Da'Norris Searcy|TEN|IDP-SAF,SearcyDa'11,Yellow,68
Mike Mitchell,PIT,11,IDP-SAF,28,Mike Mitchell|PIT|IDP-SAF,MitchellMic09,Yellow,68
Vontaze Burfict,CIN,7,IDP-LB,25,Vontaze Burfict|CIN|IDP-LB,BurfictVon12,Red,68
Jerry Hughes,BUF,8,IDP-DE,27,Jerry Hughes|BUF|IDP-DE,HughesJer10,Yellow,68
Ezekiel Ansah,DET,9,IDP-DE,26,Ezekiel Ansah|DET|IDP-DE,AnsahEze13,Yellow,68
Tramaine Brock,SF,10,IDP-CB,27,Tramaine Brock|SF|IDP-CB,BrockTra10,Yellow,68
Robert Alford,ATL,10,IDP-CB,27,Robert Alford|ATL|IDP-CB,AlfordRob13,Yellow,68
Greg Toler,IND,10,IDP-CB,30,Greg Toler|IND|IDP-CB,TolerGre09,Yellow,68
Stephon Gilmore,BUF,8,IDP-CB,25,Stephon Gilmore|BUF|IDP-CB,GilmoreSte12,Yellow,68
Trumaine Johnson,STL,6,IDP-CB,25,Trumaine Johnson|STL|IDP-CB,JohnsonTru12,Yellow,68
Deone Bucannon,ARI,9,IDP-SAF,23,Deone Bucannon|ARI|IDP-SAF,BucannonDeo14,Yellow,67
D.J. Swearinger,TB,6,IDP-SAF,24,D.J. Swearinger|TB|IDP-SAF,SwearingerD.J13,Yellow,67
Ron Parker,KC,9,IDP-SAF,28,Ron Parker|KC|IDP-SAF,ParkerRon11,Yellow,67
Kendrick Lewis,BAL,9,IDP-SAF,27,Kendrick Lewis|BAL|IDP-SAF,LewisKen10,Yellow,67
Aaron Williams,BUF,8,IDP-SAF,26,Aaron Williams|BUF|IDP-SAF,WilliamsAar11,Yellow,67
Rolando McClain,DAL,6,IDP-LB,26,Rolando McClain|DAL|IDP-LB,McClainRol10,Yellow,67
Vic Beasley,ATL,10,IDP-LB,23,Vic Beasley|ATL|IDP-LB,BeasleyVic15,Yellow,67
Julius Peppers,GB,7,IDP-LB,35,Julius Peppers|GB|IDP-LB,PeppersJul02,Yellow,67
Byron Maxwell,PHI,8,IDP-CB,27,Byron Maxwell|PHI|IDP-CB,MaxwellByr11,Yellow,67
Desmond Trufant,ATL,10,IDP-CB,25,Desmond Trufant|ATL|IDP-CB,TrufantDes13,Yellow,67
Johnathan Banks,TB,6,IDP-CB,26,Johnathan Banks|TB|IDP-CB,BanksJoh13,Yellow,67
Casey Hayward,GB,7,IDP-CB,26,Casey Hayward|GB|IDP-CB,HaywardCas12,Yellow,67
Tim Jennings,CHI,7,IDP-CB,32,Tim Jennings|CHI|IDP-CB,JenningsTim06,Yellow,67
Jimmy Smith,BAL,9,IDP-CB,27,Jimmy Smith|BAL|IDP-CB,SmithJim11,Yellow,67
Buster Skrine,NYJ,5,IDP-CB,26,Buster Skrine|NYJ|IDP-CB,SkrineBus11,Yellow,67
Jason Verrett,SD,10,IDP-CB,24,Jason Verrett|SD|IDP-CB,VerrettJas14,Yellow,67
Kenny Vaccaro,NO,11,IDP-SAF,24,Kenny Vaccaro|NO|IDP-SAF,VaccaroKen13,Yellow,66
Derrick Morgan,TEN,4,IDP-LB,26,Derrick Morgan|TEN|IDP-LB,MorganDer10,Yellow,66
Calais Campbell,ARI,9,IDP-DE,29,Calais Campbell|ARI|IDP-DE,CampbellCal08-DL,Yellow,66
Cary Williams,SEA,9,IDP-CB,31,Cary Williams|SEA|IDP-CB,WilliamsCar08,Yellow,66
DeAngelo Hall,WAS,8,IDP-CB,32,DeAngelo Hall|WAS|IDP-CB,HallDeA04,Yellow,66
Brent Grimes,MIA,5,IDP-CB,32,Brent Grimes|MIA|IDP-CB,GrimesBre07,Yellow,66
Lardarius Webb,BAL,9,IDP-CB,30,Lardarius Webb|BAL|IDP-CB,WebbLar09,Yellow,66
T.J. Carrie,OAK,6,IDP-CB,25,T.J. Carrie|OAK|IDP-CB,CarrieT.J14,Yellow,66
Blidi Wreh-Wilson,TEN,4,IDP-CB,26,Blidi Wreh-Wilson|TEN|IDP-CB,Wreh-WilsonBli13,Yellow,65
Antonio Cromartie,NYJ,5,IDP-CB,31,Antonio Cromartie|NYJ|IDP-CB,CromartieAnt06,Yellow,65
Cortez Allen,PIT,11,IDP-CB,27,Cortez Allen|PIT|IDP-CB,AllenCor11,Yellow,65
Willie Young,CHI,7,IDP-LB,30,Willie Young|CHI|IDP-LB,YoungWil10,Yellow,64
Will Davis,MIA,5,IDP-CB,25,Will Davis|MIA|IDP-CB,DavisWil13,Yellow,64
Pernell McPhee,CHI,7,IDP-LB,26,Pernell McPhee|CHI|IDP-LB,McPheePer11,Yellow,63
Richard Sherman,SEA,9,IDP-CB,27,Richard Sherman|SEA|IDP-CB,ShermanRic11,Yellow,63
Trae Waynes,MIN,5,IDP-CB,23,Trae Waynes|MIN|IDP-CB,WaynesTra15,Yellow,63
Paul Kruger,CLE,11,IDP-LB,29,Paul Kruger|CLE|IDP-LB,KrugerPau09,Yellow,62
Dre Kirkpatrick,CIN,7,IDP-CB,26,Dre Kirkpatrick|CIN|IDP-CB,KirkpatrickDre12,Yellow,62
Keenan Lewis,NO,11,IDP-CB,29,Keenan Lewis|NO|IDP-CB,LewisKee09,Yellow,62
Adrian Clayborn,ATL,10,IDP-DE,27,Adrian Clayborn|ATL|IDP-DE,ClaybornAdr11,Yellow,61
Patrick Peterson,ARI,9,IDP-CB,25,Patrick Peterson|ARI|IDP-CB,PetersonPat11,Yellow,61
Connor Barwin,PHI,8,IDP-LB,29,Connor Barwin|PHI|IDP-LB,BarwinCon09,Yellow,60
DeMarcus Ware,DEN,7,IDP-LB,33,DeMarcus Ware|DEN|IDP-LB,WareDeM05,Yellow,60
Marcell Dareus,BUF,8,IDP-DT,26,Marcell Dareus|BUF|IDP-DT,DareusMar11,Yellow,60
Jurrell Casey,TEN,4,IDP-DE,26,Jurrell Casey|TEN|IDP-DE,CaseyJur11,Yellow,60
Muhammad Wilkerson,NYJ,5,IDP-DE,26,Muhammad Wilkerson|NYJ|IDP-DE,WilkersonMuh11,Yellow,60
Lamarcus Joyner,STL,6,IDP-CB,25,Lamarcus Joyner|STL|IDP-CB,JoynerLam14,Yellow,60
Cameron Wake,MIA,5,IDP-DE,33,Cameron Wake|MIA|IDP-DE,WakeCam05,Yellow,59
Justin Tuck,OAK,6,IDP-DE,32,Justin Tuck|OAK|IDP-DE,TuckJus05,Yellow,59
Ahmad Brooks,SF,10,IDP-LB,31,Ahmad Brooks|SF|IDP-LB,BrooksAhm06,Yellow,58
Brandon Graham,PHI,8,IDP-LB,27,Brandon Graham|PHI|IDP-LB,GrahamBra10,Yellow,58
Jared Allen,CHI,7,IDP-LB,33,Jared Allen|CHI|IDP-LB,AllenJar04,Yellow,58
Adam Jones,CIN,7,IDP-CB,32,Adam Jones|CIN|IDP-CB,JonesPac05,Yellow,58
Ndamukong Suh,MIA,5,IDP-DT,28,Ndamukong Suh|MIA|IDP-DT,SuhNda10,Yellow,57
Aaron Donald,STL,6,IDP-DT,24,Aaron Donald|STL|IDP-DT,DonaldAar14,Yellow,57
Dominique Rodgers-Cromartie,NYG,11,IDP-CB,29,Dominique Rodgers-Cromartie|NYG|IDP-CB,Rodgers-CromartieDom08,Yellow,57
Damontre Moore,NYG,11,IDP-DE,23,Damontre Moore|NYG|IDP-DE,MooreDam13,Red,56
Chris Clemons,JAC,8,IDP-DE,34,Chris Clemons|JAC|IDP-DE,ClemonsChr03,Yellow,56
Fletcher Cox,PHI,8,IDP-DE,25,Fletcher Cox|PHI|IDP-DE,CoxFle12,Yellow,55
Cameron Jordan,NO,11,IDP-DE,26,Cameron Jordan|NO|IDP-DE,JordanCam11,Yellow,55
Trent Cole,IND,10,IDP-LB,33,Trent Cole|IND|IDP-LB,ColeTre05,Yellow,54
Quinton Coples,NYJ,5,IDP-LB,25,Quinton Coples|NYJ|IDP-LB,CoplesQui12,Yellow,54
Jared Crick,HOU,9,IDP-DE,26,Jared Crick|HOU|IDP-DE,CrickJar12,Yellow,54
Cameron Heyward,PIT,11,IDP-DE,26,Cameron Heyward|PIT|IDP-DE,HeywardCam11,Yellow,54
Sean Smith,KC,9,IDP-CB,28,Sean Smith|KC|IDP-CB,SmithSea09,Yellow,54
Gerald McCoy,TB,6,IDP-DT,27,Gerald McCoy|TB|IDP-DT,McCoyGer10,Yellow,52
George Selvie,NYG,11,IDP-DE,28,George Selvie|NYG|IDP-DE,SelvieGeo10,Red,52
Kroy Biermann,ATL,10,IDP-DE,30,Kroy Biermann|ATL|IDP-DE,BiermannKro08,Yellow,52
Malik Jackson,DEN,7,IDP-DE,25,Malik Jackson|DEN|IDP-DE,JacksonMal12,Yellow,52
Mario Edwards,OAK,6,IDP-DE,21,Mario Edwards|OAK|IDP-DE,EdwardsMar15,Yellow,52
Bud Dupree,PIT,11,IDP-LB,22,Bud Dupree|PIT|IDP-LB,DupreeBud15,Yellow,51
Jabaal Sheard,NE,4,IDP-DE,26,Jabaal Sheard|NE|IDP-DE,SheardJab11,Yellow,51
Kendall Langford,IND,10,IDP-DE,29,Kendall Langford|IND|IDP-DE,LangfordKen08,Yellow,51
Chris Long,STL,6,IDP-DE,30,Chris Long|STL|IDP-DE,LongChr08,Yellow,51
Sen'Derrick Marks,JAC,8,IDP-DT,28,Sen'Derrick Marks|JAC|IDP-DT,MarksSen09,Yellow,50
Kyle Williams,BUF,8,IDP-DT,32,Kyle Williams|BUF|IDP-DT,WilliamsKyl06,Yellow,50
Greg Hardy,DAL,6,IDP-DE,27,Greg Hardy|DAL|IDP-DE,HardyGre10,Yellow,50
Derek Wolfe,DEN,7,IDP-DE,25,Derek Wolfe|DEN|IDP-DE,WolfeDer12,Yellow,50
Charles Johnson,CAR,5,IDP-DE,29,Charles Johnson|CAR|IDP-DE,JohnsonCha07,Yellow,50
Jeremy Mincey,DAL,6,IDP-DE,32,Jeremy Mincey|DAL|IDP-DE,MinceyJer06,Yellow,49
Arthur Jones,IND,10,IDP-DE,29,Arthur Jones|IND|IDP-DE,JonesArt10,Yellow,49
Corey Liuget,SD,10,IDP-DE,25,Corey Liuget|SD|IDP-DE,LiugetCor11,Yellow,49
Jason Pierre-Paul,NYG,11,IDP-DE,26,Jason Pierre-Paul|NYG|IDP-DE,Pierre-PaulJas10,Red,48
Michael Johnson,CIN,7,IDP-DE,28,Michael Johnson|CIN|IDP-DE,JohnsonMic09,Yellow,48
Sheldon Richardson,NYJ,5,IDP-DE,25,Sheldon Richardson|NYJ|IDP-DE,RichardsonShe13,Yellow,48
Jason Jones,DET,9,IDP-DE,29,Jason Jones|DET|IDP-DE,JonesJas08,Yellow,48
Randy Gregory,DAL,6,IDP-DE,23,Randy Gregory|DAL|IDP-DE,GregoryRan15,Red,48
Johnathan Hankins,NYG,11,IDP-DT,23,Johnathan Hankins|NYG|IDP-DT,HankinsJoh13,Yellow,47
Vinny Curry,PHI,8,IDP-DE,27,Vinny Curry|PHI|IDP-DE,CurryVin12,Yellow,47
Jacquies Smith,TB,6,IDP-DE,25,Jacquies Smith|TB|IDP-DE,SmithJac12,Yellow,47
Michael Bennett,SEA,9,IDP-DE,30,Michael Bennett|SEA|IDP-DE,BennettMic09,Yellow,47
Timmy Jernigan,BAL,9,IDP-DE,23,Timmy Jernigan|BAL|IDP-DE,JerniganTim14,Yellow,47
Demarcus Lawrence,DAL,6,IDP-DE,23,Demarcus Lawrence|DAL|IDP-DE,LawrenceDem14,Red,47
Sealver Siliga,NE,4,IDP-DT,25,Sealver Siliga|NE|IDP-DT,SiligaSea11,Yellow,46
Andre Branch,JAC,8,IDP-DE,26,Andre Branch|JAC|IDP-DE,BranchAnd12,Yellow,46
Kendall Reyes,SD,10,IDP-DE,26,Kendall Reyes|SD|IDP-DE,ReyesKen12,Yellow,46
Geno Atkins,CIN,7,IDP-DT,27,Geno Atkins|CIN|IDP-DT,AtkinsGen10,Yellow,45
Sharrif Floyd,MIN,5,IDP-DT,24,Sharrif Floyd|MIN|IDP-DT,FloydSha13,Yellow,45
George Johnson,TB,6,IDP-DE,28,George Johnson|TB|IDP-DE,JohnsonGeo10,Yellow,45
Wes Horton,CAR,5,IDP-DE,25,Wes Horton|CAR|IDP-DE,HortonWes13,Yellow,45
Bennie Logan,PHI,8,IDP-DT,26,Bennie Logan|PHI|IDP-DT,LoganBen13,Yellow,44
Eddie Goldman,CHI,7,IDP-DT,21,Eddie Goldman|CHI|IDP-DT,GoldmanEdd15,Yellow,44
Robert Mathis,IND,10,IDP-LB,34,Robert Mathis|IND|IDP-LB,MathisRob13,Yellow,43
Danny Shelton,CLE,11,IDP-DT,21,Danny Shelton|CLE|IDP-DT,SheltonDan15,Yellow,43
O'Brien Schofield,ATL,10,IDP-DE,28,O'Brien Schofield|ATL|IDP-DE,SchofieldO'B10,Yellow,43
Larry Webster,DET,9,IDP-DE,25,Larry Webster|DET|IDP-DE,WebsterLar14,Yellow,43
Jared Odrick,JAC,8,IDP-DT,28,Jared Odrick|JAC|IDP-DT,OdrickJar10,Yellow,42
Brandon Williams,BAL,9,IDP-DT,26,Brandon Williams|BAL|IDP-DT,WilliamsBra13,Yellow,42
Ryan Davis,JAC,8,IDP-DE,26,Ryan Davis|JAC|IDP-DE,DavisRya12,Yellow,42
Wallace Gilberry,CIN,7,IDP-DE,31,Wallace Gilberry|CIN|IDP-DE,GilberryWal08,Yellow,41
Robert Ayers,NYG,11,IDP-DE,30,Robert Ayers|NYG|IDP-DE,AyersRob09,Red,41
Brian Robison,MIN,5,IDP-DE,32,Brian Robison|MIN|IDP-DE,RobisonBri07,Yellow,41
Damon Harrison,NYJ,5,IDP-DT,27,Damon Harrison|NYJ|IDP-DT,HarrisonDam12,Yellow,40
Michael Brockers,STL,6,IDP-DT,25,Michael Brockers|STL|IDP-DT,BrockersMic12,Yellow,40
Cliff Avril,SEA,9,IDP-DE,29,Cliff Avril|SEA|IDP-DE,AvrilCli08,Yellow,40
Tyrone Crawford,DAL,6,IDP-DT,26,Tyrone Crawford|DAL|IDP-DT,CrawfordTyr12,Yellow,39
Linval Joseph,MIN,5,IDP-DT,27,Linval Joseph|MIN|IDP-DT,JosephLin10,Yellow,39
Domata Peko,CIN,7,IDP-DT,31,Domata Peko|CIN|IDP-DT,PekoDom06,Yellow,38
Ian Williams,SF,10,IDP-DT,26,Ian Williams|SF|IDP-DT,WilliamsIan11,Yellow,38
Glenn Dorsey,SF,10,IDP-DT,30,Glenn Dorsey|SF|IDP-DT,DorseyGle08,Yellow,38
Akeem Spence,TB,6,IDP-DT,24,Akeem Spence|TB|IDP-DT,SpenceAke13,Yellow,38
Earl Mitchell,MIA,5,IDP-DT,28,Earl Mitchell|MIA|IDP-DT,MitchellEar10,Yellow,38
Kawann Short,CAR,5,IDP-DT,26,Kawann Short|CAR|IDP-DT,ShortKaw13,Yellow,38
Corey Peters,ARI,9,IDP-DT,27,Corey Peters|ARI|IDP-DT,PetersCor10,Yellow,37
Terrance Knighton,WAS,8,IDP-DT,29,Terrance Knighton|WAS|IDP-DT,KnightonTer09,Yellow,37
Malcom Brown,NE,4,IDP-DT,21,Malcom Brown|NE|IDP-DT,BrownMal15,Yellow,37
Tony McDaniel,SEA,9,IDP-DT,30,Tony McDaniel|SEA|IDP-DT,McDanielTon06,Yellow,36
Nick Hayden,DAL,6,IDP-DT,29,Nick Hayden|DAL|IDP-DT,HaydenNic08,Yellow,36
Sammie Lee Hill,TEN,4,IDP-DT,29,Sammie Lee Hill|TEN|IDP-DT,HillSam09,Yellow,36
Brandon Mebane,SEA,9,IDP-DT,30,Brandon Mebane|SEA|IDP-DT,MebaneBra07,Yellow,35
Dontari Poe,KC,9,IDP-DT,25,Dontari Poe|KC|IDP-DT,PoeDon12,Red,31
